TimeStamp,GroundSteering,Oracle,Good,Elapsed
1584543043346066,-0.0492349,0,0,0
1584543044145938,-0.0682567,-0,0,799872
1584543044248348,-0.115941,-0,0,902282
1584543044349014,-0.107823,-0,0,1002948
1584543044445909,-0.110144,-0,0,1099843
1584543044545830,-0.0825749,-0,0,1199764
1584543044646957,-0.0600283,-0,0,1300891
1584543044747818,-0.0196817,-0,0,1401752
1584543044845795,0.040543,-0,0,1499729
1584543044945957,0.0792089,-0,0,1599891
1584543045046597,0.0836266,-0,0,1700531
1584543045149389,0.064111,-0,0,1803323
1584543045247983,0.0664903,-0,0,1901917
1584543045345771,0.0851234,-0,0,1999705
1584543045445692,0.0861468,-0,0,2099626
1584543045545908,0.0871567,0.0509833,0,2199842
1584543045646290,0.0801942,0.0779797,1,2300224
1584543045747715,0.0909363,0.0629856,0,2401649
1584543045845870,0.130685,0.0629856,0,2499804
1584543045945571,0.131123,0.0599851,0,2599505
1584543046045592,0.133556,0.0599851,0,2699526
1584543046146053,0.105065,0.0629856,0,2799987
1584543046247654,0.100828,0.0599851,0,2901588
1584543046345494,0.095426,0.0629856,0,2999428
1584543046445878,0.102152,0.0599851,0,3099812
1584543046545911,0.133643,0.0629856,0,3199845
1584543046649756,0.145595,0.0629856,0,3303690
1584543046747832,0.143699,0.0629856,0,3401766
1584543046845697,0.149527,0.0629856,0,3499631
1584543046945551,0.140553,0.0809714,0,3599485
1584543047045621,0.134031,0.0959743,0,3699555
1584543047145330,0.11046,0.0929737,1,3799264
1584543047247562,0.120048,0.0959743,0,3901496
1584543047345745,0.191543,0.116961,0,3999679
1584543047448977,0.188106,0.137956,0,4102911
1584543047545844,0.185652,0.0719785,0,4199778
1584543047646347,0.124713,0.0629856,0,4300281
1584543047747604,0.122979,0.0629856,0,4401538
1584543047845561,0.150603,0.0629856,0,4499495
1584543047945544,0.140162,0.134955,1,4599478
1584543048045230,0.142588,0.134955,1,4699164
1584543048145195,0.135105,0.134955,1,4799129
1584543048252226,0.144061,0.134955,1,4906160
1584543048345883,0.140017,0.131955,1,4999817
1584543048445385,0.123434,0.131955,1,5099319
1584543048545503,0.11959,0.134955,1,5199437
1584543048645857,0.11255,0.134955,1,5299791
1584543048747544,0.102797,0.0599851,0,5401478
1584543048845223,0.0931017,-0,0,5499157
1584543048945060,0.0972047,-0.287896,0,5598994
1584543049045391,0.0846989,-0,0,5699325
1584543049145130,0.0758635,-0,0,5799064
1584543049247735,0.0616683,-0,0,5901669
1584543049345288,0.0611564,0.278903,0,5999222
1584543049445107,0.0565932,0.290888,0,6099041
1584543049545114,0.05327,-0,0,6199048
1584543049645613,0.0717654,-0,0,6299547
1584543049747678,0.0389516,-0,0,6401612
1584543049844882,0.00324531,-0.290888,0,6498816
1584543049945066,-0.0585307,-0.290888,0,6599000
1584543050045019,-0.0641034,-0,0,6698953
1584543050144796,-0.0736021,-0,0,6798730
1584543050247337,-0.0731407,-0.0659685,1,6901271
1584543050345046,-0.0789859,-0.122953,0,6998980
1584543050444744,-0.130898,-0,0,7098678
1584543050544737,-0.124397,-0.0569756,0,7198671
1584543050645522,-0.138468,-0.134946,1,7299456
1584543050747416,-0.0776276,-0.116952,0,7401350
1584543050844637,-0.103348,-0.113951,1,7498571
1584543050944762,-0.0819636,-0.14994,0,7598696
1584543051044568,-0.0782173,-0.137947,0,7698502
1584543051144538,-0.0601612,-0,0,7798472
1584543051247572,-0.0561082,0.0120023,0,7901506
1584543051344522,-0.0577578,0.00900175,0,7998456
1584543051444478,-0.0806292,0.0209952,0,8098412
1584543051544658,-0.0410955,0.0120023,0,8198592
1584543051645139,0.0604636,-0,0,8299073
1584543051746618,0.159305,-0,0,8400552
1584543051844738,0.179302,0.0389898,0,8498672
1584543051944390,0.155477,0.0479916,0,8598324
1584543052044325,0.125442,-0,0,8698259
1584543052144497,0.153441,0.0150029,0,8798431
1584543052246552,0.119474,0.0120023,0,8900486
1584543052344293,0.114338,0.00300058,0,8998227
1584543052444449,0.0720961,0.0329887,0,9098383
1584543052546880,0.0712259,0.0599851,1,9200814
1584543052645069,0.0881984,0.0569845,0,9299003
1584543052746717,0.0952973,0.0569845,0,9400651
1584543052844283,0.100841,0.0869726,1,9498217
1584543052944160,0.107668,0.0539839,0,9598094
1584543053044435,0.100859,0.0269964,0,9698369
1584543053144320,0.107888,0.0959743,1,9798254
1584543053246299,0.124576,0.107968,1,9900233
1584543053346708,0.176079,0.143957,1,10000642
1584543053447068,0.182012,0.146949,1,10101002
1584543053547377,0.149493,0.143957,1,10201311
1584543053645093,0.0784464,0.140956,0,10299027
1584543053746806,0.0573464,0.0509833,1,10400740
1584543053844069,0.0717577,-0,0,10498003
1584543053944242,0.0840191,-0,0,10598176
1584543054044082,0.121009,-0,0,10698016
1584543054143935,0.153847,-0,0,10797869
1584543054246178,0.161935,-0,0,10900112
1584543054346971,0.128985,0.0150029,0,11000905
1584543054444177,0.10551,0.0749791,0,11098111
1584543054544381,0.108046,0.0749791,0,11198315
1584543054644574,0.133094,0.0749791,0,11298508
1584543054745931,0.130089,0.0959743,0,11399865
1584543054844014,0.132351,0.125962,1,11497948
1584543054944038,0.115821,0.125962,1,11597972
1584543055043836,0.105307,0.110968,1,11697770
1584543055144021,0.108055,0.0929737,1,11797955
1584543055245971,0.0991932,0.0929737,1,11899905
1584543055343830,0.0783861,0.0749791,1,11997764
1584543055444023,0.108392,0.0719785,0,12097957
1584543055544121,0.108642,0.0749791,0,12198055
1584543055644527,0.124065,0.0749791,0,12298461
1584543055746044,0.109233,0.0749791,0,12399978
1584543055843970,0.109566,0.0749791,0,12497904
1584543055944013,0.108785,0.0749791,0,12597947
1584543056044204,0.136534,0.0749791,0,12698138
1584543056143927,0.135954,0.0749791,0,12797861
1584543056246747,0.12871,0.0749791,0,12900681
1584543056344015,0.0694276,0.0749791,1,12997949
1584543056444101,0.096653,0.0749791,0,13098035
1584543056543580,0.106438,0.0749791,0,13197514
1584543056644395,0.118604,0.0689779,0,13298329
1584543056745816,0.0922584,0.0659773,0,13399750
1584543056843687,0.0891353,0.0569845,0,13497621
1584543056943993,0.0804517,0.0569845,0,13597927
1584543057043724,0.074069,0.0479916,0,13697658
1584543057143800,0.0661381,-0,0,13797734
1584543057245910,0.0647797,0.0209952,0,13899844
1584543057343574,0.0809788,0.0749791,1,13997508
1584543057443623,0.130818,0.0959743,0,14097557
1584543057543598,0.137177,0.098966,0,14197532
1584543057644296,0.128397,0.098966,0,14298230
1584543057745423,0.0861314,0.0959743,1,14399357
1584543057843503,0.0749992,0.101967,0,14497437
1584543057943932,0.116308,0.098966,1,14597866
1584543058043365,0.1533,0.0929737,0,14697299
1584543058143480,0.210075,0.0809714,0,14797414
1584543058245278,0.188419,0.0719785,0,14899212
1584543058343377,0.170726,0.0719785,0,14997311
1584543058443589,0.114115,0.0689779,0,15097523
1584543058543290,0.0861473,0.0719785,1,15197224
1584543058643988,0.0551792,0.0719785,1,15297922
1584543058745463,0.054544,-0,0,15399397
1584543058843376,-0.0067481,-0,0,15497310
1584543058943080,-0.00548507,-0,0,15597014
1584543059043247,-0.00443174,-0,0,15697181
1584543059143032,0.0197936,-0,0,15796966
1584543059244950,-0.0121552,-0.038981,0,15898884
1584543059345665,-0.102879,-0,0,15999599
1584543059443329,-0.106864,-0,0,16097263
1584543059543086,-0.112172,-0,0,16197020
1584543059643803,-0.0588335,-0,0,16297737
1584543059744844,-0.05734,-0,0,16398778
1584543059842905,0.0275162,-0,0,16496839
1584543059943052,0.122186,-0,0,16596986
1584543060042880,0.148999,-0,0,16696814
1584543060145438,0.117896,-0,0,16799372
1584543060248492,0.0245426,-0,0,16902426
1584543060342991,0.000147912,-0,0,16996925
1584543060442866,-0.0506885,-0,0,17096800
1584543060542938,-0.0461231,-0,0,17196872
1584543060643439,-0.0137348,-0,0,17297373
1584543060744676,0.0256576,-0,0,17398610
1584543060842894,0.055224,-0,0,17496828
1584543060942715,0.0550403,-0,0,17596649
1584543061042687,0.049697,-0,0,17696621
1584543061142864,0.0513442,-0,0,17796798
1584543061244565,0.0776513,-0,0,17898499
1584543061342628,0.0793708,-0,0,17996562
1584543061442777,0.10206,-0,0,18096711
1584543061542620,0.122159,-0,0,18196554
1584543061643232,0.132446,-0,0,18297166
1584543061748031,0.106618,-0,0,18401965
1584543061845674,0.0964956,0.044991,0,18499608
1584543061942959,0.133871,0.0479916,0,18596893
1584543062042785,0.160575,0.0479916,0,18696719
1584543062142578,0.123951,0.0479916,0,18796512
1584543062244393,0.0404951,0.0479916,1,18898327
1584543062342647,0.0112138,0.0479916,0,18996581
1584543062442655,0.014323,0.0479916,0,19096589
1584543062542455,0.0598419,0.0479916,1,19196389
1584543062643656,0.0743857,0.0479916,0,19297590
1584543062744510,0.0768347,0.0479916,0,19398444
1584543062842528,0.0667992,0.0479916,0,19496462
1584543062942788,0.0636674,0.0479916,0,19596722
1584543063042337,0.0954424,0.0479916,0,19696271
1584543063142311,0.0975871,0.0479916,0,19796245
1584543063244228,0.094113,0.0479916,0,19898162
1584543063342280,0.0613624,0.0479916,0,19996214
1584543063444966,0.0860142,0.0539839,0,20098900
1584543063542609,0.0914463,0.125962,0,20196543
1584543063643572,0.110821,0.164943,0,20297506
1584543063743820,0.0871788,0.164943,0,20397754
1584543063842315,0.114917,0.140956,1,20496249
1584543063942374,0.148041,0.107968,0,20596308
1584543064042123,0.172285,0.110968,0,20696057
1584543064142373,0.149531,0.0120023,0,20796307
1584543064247872,0.120343,0.0120023,0,20901806
1584543064342824,0.0958564,0.0239958,0,20996758
1584543064442641,0.0952716,0.0959743,1,21096575
1584543064542041,0.087365,0.164943,0,21195975
1584543064642726,0.101715,0.188939,0,21296660
1584543064744520,0.104151,0.221928,0,21398454
1584543064842173,0.0925167,0.125962,0,21496107
1584543064941966,0.0911255,0.0509833,0,21595900
1584543065044750,0.0876344,0.0329887,0,21698684
1584543065142077,0.0863813,0.143957,0,21796011
1584543065244031,0.0720691,0.140956,0,21897965
1584543065341988,0.0610777,0.137956,0,21995922
1584543065441871,0.0586867,-0,0,22095805
1584543065542189,0.055083,-0,0,22196123
1584543065642679,0.021469,-0,0,22296613
1584543065743877,-0.0177926,-0,0,22397811
1584543065844985,-0.0537861,-0,0,22498919
1584543065941846,-0.0566814,-0,0,22595780
1584543066041926,-0.0827379,-0.0629768,0,22695860
1584543066141695,-0.0443274,-0,0,22795629
1584543066244068,-0.0438845,-0,0,22898002
1584543066341602,-0.0242064,-0,0,22995536
1584543066441804,-0.0617294,-0,0,23095738
1584543066541865,-0.0610146,-0,0,23195799
1584543066642211,-0.0762436,-0,0,23296145
1584543066743639,-0.0417693,-0,0,23397573
1584543066842542,-0.00578646,-0,0,23496476
1584543066941501,0.0598757,-0,0,23595435
1584543067041447,0.0694649,-0,0,23695381
1584543067141721,0.0688188,-0,0,23795655
1584543067244400,0.0611553,-0,0,23898334
1584543067341495,0.054294,-0,0,23995429
1584543067441557,0.0506987,-0,0,24095491
1584543067541389,0.0520414,-0,0,24195323
1584543067641983,0.0527299,0.281904,0,24295917
1584543067743553,0.0568753,0.149949,0,24397487
1584543067841330,0.0558218,-0,0,24495264
1584543067941331,0.0552479,-0,0,24595265
1584543068041621,0.0191325,-0,0,24695555
1584543068141309,0.0359722,-0,0,24795243
1584543068243355,0.0564041,-0,0,24897289
1584543068341397,0.111236,-0,0,24995331
1584543068441241,0.122473,-0,0,25095175
1584543068541204,0.149757,-0.122953,0,25195138
1584543068641996,0.184771,-0,0,25295930
1584543068743252,0.182076,-0,0,25397186
1584543068841240,0.136072,-0,0,25495174
1584543068941299,0.104463,-0,0,25595233
1584543069041168,0.0397281,-0,0,25695102
1584543069141141,-0.00110719,-0,0,25795075
1584543069243343,-0.0589664,-0,0,25897277
1584543069341081,-0.0105471,-0,0,25995015
1584543069441086,0.0353643,-0,0,26095020
1584543069541261,0.030163,-0,0,26195195
1584543069641687,-0.014206,-0,0,26295621
1584543069743007,-0.0787355,-0,0,26396941
1584543069841361,-0.0737792,-0,0,26495295
1584543069940919,-0.0393905,-0,0,26594853
1584543070040889,0.0524559,-0,0,26694823
1584543070141235,0.0910733,0.140956,0,26795169
1584543070243170,0.0956741,0.200933,0,26897104
1584543070341315,0.0637268,-0,0,26995249
1584543070441522,0.0602604,-0,0,27095456
1584543070540872,0.0560847,-0,0,27194806
1584543070642017,0.0591377,-0,0,27295951
1584543070743346,0.0248934,-0,0,27397280
1584543070840901,0.0254549,-0,0,27494835
1584543070940860,0.0286132,-0,0,27594794
1584543071041117,0.0750675,-0,0,27695051
1584543071140805,0.0177372,-0,0,27794739
1584543071242778,0.0195142,0.290888,0,27896712
1584543071340893,0.0157661,0.290888,0,27994827
1584543071440638,0.0984034,0.290888,0,28094572
1584543071540657,0.0869689,0.245915,0,28194591
1584543071641676,0.109753,-0,0,28295610
1584543071742619,0.0445163,-0,0,28396553
1584543071840614,-0.000345861,-0,0,28494548
1584543071940898,-0.0316607,0.269911,0,28594832
1584543072040513,-0.0297463,0.290888,0,28694447
1584543072140745,0.0315331,0.212926,0,28794679
1584543072242667,-0.00961249,-0,0,28896601
1584543072340521,0.0645138,-0,0,28994455
1584543072440555,0.0538946,-0,0,29094489
1584543072540746,0.114276,-0,0,29194680
1584543072641201,0.107122,0.290888,0,29295135
1584543072742570,0.137069,0.290888,0,29396504
1584543072840530,0.139962,0.26691,0,29494464
1584543072940703,0.13016,-0,0,29594637
1584543073044949,0.134412,-0,0,29698883
1584543073140804,0.117474,0.290888,0,29794738
1584543073242205,0.102536,0.248915,0,29896139
1584543073340375,-0.0383659,0.203933,0,29994309
1584543073440901,0.0116406,-0,0,30094835
1584543073540495,0.0542422,-0,0,30194429
1584543073641089,0.204699,-0,0,30295023
1584543073742365,0.199822,-0,0,30396299
1584543073843377,0.207908,-0,0,30497311
1584543073940148,0.180442,0.0239958,0,30594082
1584543074040309,0.0919909,0.0929737,1,30694243
1584543074140113,0.0619353,-0,0,30794047
1584543074242066,0.0601487,-0,0,30896000
1584543074340502,0.117357,-0,0,30994436
1584543074440061,0.134178,-0,0,31093995
1584543074540018,0.112303,-0,0,31193952
1584543074644448,0.0942025,-0,0,31298382
1584543074741935,0.052431,-0,0,31395869
1584543074839962,0.0537651,-0,0,31493896
1584543074940135,0.0205139,-0,0,31594069
1584543075039928,-0.0128106,-0,0,31693862
1584543075139910,-0.0459207,-0,0,31793844
1584543075242102,-0.0146221,-0,0,31896036
1584543075339870,0.018546,-0,0,31993804
1584543075439836,0.052077,-0,0,32093770
1584543075540012,0.0544622,-0,0,32193946
1584543075640474,0.0548741,-0,0,32294408
1584543075741673,0.0549343,0.0329887,0,32395607
1584543075840024,0.0549592,0.0779797,0,32493958
1584543075939773,0.0737491,0.083972,1,32593707
1584543076039998,0.0373605,0.083972,0,32693932
1584543076142731,0.0472495,0.083972,0,32796665
1584543076241903,0.0362986,0.0749791,0,32895837
1584543076339695,0.0782679,0.0749791,1,32993629
1584543076439814,0.0978834,0.0749791,0,33093748
1584543076539684,0.0920285,0.0749791,1,33193618
1584543076640541,0.125916,0.0749791,0,33294475
1584543076741993,0.122229,0.0749791,0,33395927
1584543076839778,0.120732,0.0749791,0,33493712
1584543076942156,0.110136,0.0749791,0,33596090
1584543077040420,0.0991075,0.0779797,0,33694354
1584543077139853,0.123441,0.11396,1,33793787
1584543077241608,0.103882,0.11396,1,33895542
1584543077339989,0.0936348,0.11396,1,33993923
1584543077439472,0.0913515,0.110968,1,34093406
1584543077539452,0.124193,0.110968,1,34193386
1584543077640328,0.142738,0.083972,0,34294262
1584543077741874,0.18391,0.0869726,0,34395808
1584543077839599,0.180621,0.0869726,0,34493533
1584543077939811,0.197107,0.0869726,0,34593745
1584543078039708,0.175403,0.0869726,0,34693642
1584543078139316,0.153581,0.0869726,0,34793250
1584543078241788,0.120098,0.0869726,0,34895722
1584543078339468,0.0909609,0.083972,1,34993402
1584543078440371,0.0798962,0.0629856,0,35094305
1584543078539427,0.0748766,0.0569845,0,35193361
1584543078639988,0.0624606,-0,0,35293922
1584543078741496,-0.0256715,-0,0,35395430
1584543078839588,-0.0581058,-0.0329798,0,35493522
1584543078939193,-0.138716,-0.143948,1,35593127
1584543079039175,-0.0937294,-0,0,35693109
1584543079142309,-0.163282,-0,0,35796243
1584543079241668,-0.116313,-0,0,35895602
1584543079339379,-0.111628,-0,0,35993313
1584543079439392,-0.0846515,-0,0,36093326
1584543079539298,-0.0956187,-0.0269875,0,36193232
1584543079639819,-0.100929,-0.0299881,0,36293753
1584543079741593,-0.0785473,-0.0509744,0,36395527
1584543079839032,-0.0847334,-0.0749702,1,36492966
1584543079939092,-0.132544,-0.0779708,0,36593026
1584543080039315,-0.130082,-0.0779708,0,36693249
1584543080138939,-0.155069,-0.0899643,0,36792873
1584543080241197,-0.115528,-0.0959654,1,36895131
1584543080339235,-0.118519,-0.0959654,1,36993169
1584543080438859,-0.0833192,-0.0959654,1,37092793
1584543080538833,-0.110318,-0.0809625,0,37192767
1584543080639627,-0.128566,-0.0269875,0,37293561
1584543080741215,-0.125311,-0,0,37395149
1584543080838897,-0.08296,-0,0,37492831
1584543080939216,-0.0619635,-0,0,37593150
1584543081038700,-0.0729731,-0,0,37692634
1584543081138686,-0.0770316,-0,0,37792620
1584543081241220,-0.0650009,-0,0,37895154
1584543081338638,0.000869694,-0,0,37992572
1584543081438920,0.0374128,-0,0,38092854
1584543081538800,0.076519,-0,0,38192734
1584543081639642,0.0820894,-0,0,38293576
1584543081740772,0.0847991,-0,0,38394706
1584543081839072,0.097028,-0,0,38493006
1584543081938540,0.0882203,0.0209952,0,38592474
1584543082038508,0.097865,0.149949,0,38692442
1584543082138732,0.0986568,0.158951,0,38792666
1584543082240800,0.0986438,0.119961,1,38894734
1584543082338732,0.0958902,0.0959743,1,38992666
1584543082438788,0.111867,0.029997,0,39092722
1584543082538471,0.128598,0.00300058,0,39192405
1584543082639371,0.144004,0.00300058,0,39293305
1584543082740704,0.151505,0.00300058,0,39394638
1584543082838394,0.137511,0.0629856,0,39492328
1584543082938622,0.112156,0.0629856,0,39592556
1584543083038537,0.0861817,0.0629856,0,39692471
1584543083138377,0.151902,0.104967,0,39792311
1584543083240321,0.216041,0.104967,0,39894255
1584543083338536,0.225371,0.134955,0,39992470
1584543083438265,0.193333,0.197932,1,40092199
1584543083541140,0.154922,0.200933,1,40195074
1584543083639330,0.175278,0.194931,1,40293264
1584543083740244,0.161462,0.131955,1,40394178
1584543083838391,0.177538,0.0599851,0,40492325
1584543083938391,0.204533,0.0209952,0,40592325
1584543084038632,0.170042,0.0209952,0,40692566
1584543084138163,0.133896,0.0239958,0,40792097
1584543084240446,0.0666461,0.0389898,0,40894380
1584543084338121,0.0665283,0.0749791,1,40992055
1584543084438109,0.0628091,0.0749791,1,41092043
1584543084538266,0.101668,0.0749791,0,41192200
1584543084638732,0.100988,0.0749791,0,41292666
1584543084740115,0.129833,0.0719785,0,41394049
1584543084838216,0.081575,0.0659773,1,41492150
1584543084938229,0.143081,0.0659773,0,41592163
1584543085038243,0.149128,0.0659773,0,41692177
1584543085138268,0.1944,0.0659773,0,41792202
1584543085240099,0.136591,0.0659773,0,41894033
1584543085337929,0.113216,0.0659773,0,41991863
1584543085438166,0.0774205,0.0659773,1,42092100
1584543085538103,0.0974825,0.0659773,0,42192037
1584543085638530,0.117581,0.0689779,0,42292464
1584543085740201,0.122662,0.0689779,0,42394135
1584543085838149,0.10865,0.0689779,0,42492083
1584543085938020,0.0752984,0.0659773,1,42591954
1584543086038337,0.0968417,0.0689779,0,42692271
1584543086137855,0.160374,0.0689779,0,42791789
1584543086240252,0.219568,0.0689779,0,42894186
1584543086338042,0.190185,0.0689779,0,42991976
1584543086437754,0.189934,0.0689779,0,43091688
1584543086537801,0.137017,0.0689779,0,43191735
1584543086638755,0.143308,0.0689779,0,43292689
1584543086739975,0.0720056,0.0689779,1,43393909
1584543086837867,0.0942721,0.0599851,0,43491801
1584543086938113,0.0923781,0.0239958,0,43592047
1584543087038050,0.091824,-0,0,43691984
1584543087138269,0.0650259,-0,0,43792203
1584543087240128,0.0256512,-0,0,43894062
1584543087337616,-0.00680764,-0,0,43991550
1584543087437498,-0.0525586,-0,0,44091432
1584543087537747,-0.0189445,-0,0,44191681
1584543087638390,-0.0261993,-0,0,44292324
1584543087739330,-0.0394002,-0,0,44393264
1584543087837714,-0.0730252,-0,0,44491648
1584543087937470,-0.0710562,-0,0,44591404
1584543088037518,-0.0785385,-0,0,44691452
1584543088137674,-0.0849608,-0.0659685,0,44791608
1584543088239579,-0.126024,-0.0599762,0,44893513
1584543088337405,-0.102255,-0,0,44991339
1584543088437569,-0.0939708,-0,0,45091503
1584543088540098,0.00467252,-0,0,45194032
1584543088638605,0.0425982,-0,0,45292539
1584543088739576,0.0749827,-0,0,45393510
1584543088837397,0.0241375,-0,0,45491331
1584543088937298,-0.00910728,-0,0,45591232
1584543089037505,-0.0604591,-0,0,45691439
1584543089137456,-0.120232,-0,0,45791390
1584543089239504,-0.0797797,-0,0,45893438
1584543089337669,-0.0301847,-0,0,45991603
1584543089438043,0.0477412,-0,0,46091977
1584543089537406,0.0589067,-0,0,46191340
1584543089638109,0.0785044,-0,0,46292043
1584543089739615,0.108812,-0,0,46393549
1584543089837911,0.112842,-0,0,46491845
1584543089937487,0.0956096,0.0599851,0,46591421
1584543090037192,0.0975292,0.098966,1,46691126
1584543090137069,0.103914,0.101967,1,46791003
1584543090238995,0.129989,0.101967,0,46892929
1584543090336983,0.134592,0.0929737,0,46990917
1584543090437086,0.0479658,0.0719785,0,47091020
1584543090537081,0.05503,0.0719785,1,47191015
1584543090637617,0.0362293,0.0749791,0,47291551
1584543090738553,0.108647,0.0749791,0,47392487
1584543090837047,0.0789119,0.0749791,1,47490981
1584543090936940,0.0912682,0.0929737,1,47590874
1584543091036863,0.0964668,0.0929737,1,47690797
1584543091137029,0.109269,0.0959743,1,47790963
1584543091238693,0.140104,0.176946,1,47892627
1584543091336814,0.148226,0.281904,0,47990748
1584543091437116,0.139081,0.290888,0,48091050
1584543091536735,0.0964111,0.290888,0,48190669
1584543091637420,0.0354977,0.290888,0,48291354
1584543091739209,0.0318069,0.290888,0,48393143
1584543091836715,0.0223694,0.290888,0,48490649
1584543091936738,0.0866265,0.290888,0,48590672
1584543092036832,0.0477431,-0,0,48690766
1584543092136656,0.00461694,-0.290888,0,48790590
1584543092238819,-0.0965659,-0.290888,0,48892753
1584543092336755,-0.101421,-0.242905,0,48990689
1584543092436807,-0.0950792,-0,0,49090741
1584543092536789,-0.0230282,0.0179946,0,49190723
1584543092637413,0.0203758,-0.113951,0,49291347
1584543092738934,0.0622535,-0,0,49392868
1584543092836508,0.0647879,-0,0,49490442
1584543092939268,0.0703253,0.269911,0,49593202
1584543093036484,0.0996231,0.290888,0,49690418
1584543093136572,0.140322,0.290888,0,49790506
1584543093239119,0.138461,0.290888,0,49893053
1584543093336376,0.105226,-0,0,49990310
1584543093436355,0.0241925,-0,0,50090289
1584543093536530,-0.0180429,-0,0,50190464
1584543093636982,-0.0568455,-0.290888,0,50290916
1584543093738312,0.000345089,-0,0,50392246
1584543093836486,0.0415728,-0,0,50490420
1584543093936242,0.0367143,-0,0,50590176
1584543094036424,0.0315439,-0.290888,0,50690358
1584543094136396,-0.226,-0,0,50790330
1584543094238319,-0.226,-0,0,50892253
1584543094336230,-0.226,-0.152941,0,50990164
1584543094436398,-0.0515503,-0,0,51090332
1584543094536283,-0.0182321,-0,0,51190217
1584543094636790,-0.120456,-0,0,51290724
1584543094738725,-0.0591801,0.290888,0,51392659
1584543094836274,-0.0640875,0.290888,0,51490208
1584543094936239,-0.0242392,-0,0,51590173
1584543095036600,0.0280967,-0,0,51690534
1584543095136016,0.0348285,-0,0,51789950
1584543095238178,-0.00652283,-0,0,51892112
1584543095336485,-0.0882351,-0,0,51990419
1584543095435946,-0.0881631,-0,0,52089880
1584543095535942,-0.0899773,-0,0,52189876
1584543095636834,-0.066589,-0,0,52290768
1584543095738285,-0.0738271,-0.287896,0,52392219
1584543095835902,-0.0735868,-0,0,52489836
1584543095936068,-0.0791617,-0,0,52590002
1584543096036050,-0.0782818,-0,0,52689984
1584543096136073,-0.0757128,-0,0,52790007
1584543096238160,-0.0605722,-0,0,52892094
1584543096336030,-0.0587886,-0,0,52989964
1584543096436038,-0.0531493,-0,0,53089972
1584543096535961,-0.0507771,-0.0509744,1,53189895
1584543096636598,-0.0474302,-0,0,53290532
1584543096737825,-0.0477927,-0,0,53391759
1584543096835966,-0.0455212,-0,0,53489900
1584543096936115,-0.0115619,0.0689779,0,53590049
1584543097035963,0.0255681,0.278903,0,53689897
1584543097135801,0.0638697,0.233921,0,53789735
1584543097238170,0.0679797,0.203933,0,53892104
1584543097335576,0.0759051,0.0779797,1,53989510
1584543097435876,0.086552,0.0539839,0,54089810
1584543097535560,0.103097,0.0869726,1,54189494
1584543097636245,0.112186,0.164943,0,54290179
1584543097738016,0.11048,0.164943,0,54391950
1584543097835622,0.104313,0.128963,1,54489556
1584543097938129,0.0904294,0.0479916,0,54592063
1584543098035845,0.0789072,-0,0,54689779
1584543098135639,0.0666943,-0,0,54789573
1584543098237483,0.0655249,-0,0,54891417
1584543098335606,0.0755126,0.197932,0,54989540
1584543098435409,0.117223,0.203933,0,55089343
1584543098535609,0.155356,0.0719785,0,55189543
1584543098636225,0.18641,0.0749791,0,55290159
1584543098741735,0.104046,0.209934,0,55395669
1584543098836552,0.0624737,0.0749791,1,55490486
1584543098936248,0.019638,0.0599851,0,55590182
1584543099035598,0.0203542,0.0629856,0,55689532
1584543099135419,0.022108,0.0599851,0,55789353
1584543099237333,0.0246626,0.0599851,0,55891267
1584543099335210,0.0621215,0.0599851,1,55989144
1584543099435188,0.130763,0.0929737,0,56089122
1584543099535412,0.152781,0.0929737,0,56189346
1584543099639136,0.165064,0.0929737,0,56293070
1584543099737193,0.128295,0.0959743,0,56391127
1584543099835340,0.10907,0.11396,1,56489274
1584543099935215,0.121161,0.170945,0,56589149
1584543100035085,0.115234,0.170945,0,56689019
1584543100135358,0.113485,0.170945,0,56789292
1584543100237373,0.145003,0.170945,1,56891307
1584543100335142,0.124095,0.137956,1,56989076
1584543100435248,0.117293,0.0719785,0,57089182
1584543100535396,0.0661919,0.0629856,1,57189330
1584543100635603,0.065385,0.0599851,1,57289537
1584543100736853,0.0639701,-0,0,57390787
1584543100834930,0.00534,-0,0,57488864
1584543100934970,-0.0910704,-0,0,57588904
1584543101035143,-0.175731,-0,0,57689077
1584543101135099,-0.158452,-0,0,57789033
1584543101237454,-0.226,-0,0,57891388
1584543101334995,-0.226,0.0809714,0,57988929
1584543101435045,-0.226,0.0599851,0,58088979
1584543101534774,0.0368544,0.0179946,0,58188708
1584543101635725,-0.0186497,0.0179946,0,58289659
1584543101736614,0.0107205,-0,0,58390548
1584543101837507,0.0700658,-0,0,58491441
1584543101934922,0.138362,-0.0779708,0,58588856
1584543102034689,0.163893,-0,0,58688623
1584543102134950,0.137739,-0,0,58788884
1584543102236641,0.162648,-0,0,58890575
1584543102334712,0.132758,-0,0,58988646
1584543102434909,0.0715708,-0,0,59088843
1584543102534907,-0.0643588,-0,0,59188841
1584543102638801,-0.0975889,-0,0,59292735
1584543102736623,-0.0638261,0.185939,0,59390557
1584543102834728,0.0210709,-0,0,59488662
1584543102934689,0.0575342,-0,0,59588623
1584543103034689,0.0562632,0.200933,0,59688623
1584543103134803,0.0886757,0.200933,0,59788737
1584543103236440,0.0867886,-0,0,59890374
1584543103335011,0.103728,-0,0,59988945
1584543103435050,0.0334239,-0,0,60088984
1584543103535239,-0.00330203,-0,0,60189173
1584543103635818,-0.027351,-0,0,60289752
1584543103737055,0.00734932,-0,0,60390989
1584543103834393,0.0478202,-0,0,60488327
1584543103934369,0.0692918,0.242914,0,60588303
1584543104034770,0.131439,0.248915,0,60688704
1584543104134335,0.184476,0.185939,1,60788269
1584543104236527,0.177965,0.179937,1,60890461
1584543104334454,0.133971,0.290888,0,60988388
1584543104434263,0.133681,0.0150029,0,61088197
1584543104534284,0.14262,-0,0,61188218
1584543104635054,0.128261,-0,0,61288988
1584543104736430,0.0752896,-0,0,61390364
1584543104834193,0.0662096,-0,0,61488127
1584543104934399,0.0711493,-0,0,61588333
1584543105034179,0.0750091,0.182938,0,61688113
1584543105134167,0.0828081,0.149949,0,61788101
1584543105236683,0.0797817,-0,0,61890617
1584543105334209,0.0741836,-0,0,61988143
1584543105434313,-0.0421806,-0,0,62088247
1584543105534194,-0.107256,-0,0,62188128
1584543105635230,-0.14556,-0,0,62289164
1584543105736497,-0.0880261,-0,0,62390431
1584543105834585,-0.0861544,-0.269902,0,62488519
1584543105933934,-0.0941658,-0,0,62587868
1584543106034053,-0.109916,-0,0,62687987
1584543106134090,-0.0990313,-0.2639,0,62788024
1584543106236227,-0.101173,-0,0,62890161
1584543106333872,-0.0825693,-0,0,62987806
1584543106434439,-0.0754954,-0.137947,0,63088373
1584543106533976,-0.0750113,-0,0,63187910
1584543106634484,-0.0819797,-0,0,63288418
1584543106736889,-0.0790637,-0,0,63390823
1584543106833766,-0.0754264,-0.254908,0,63487700
1584543106934271,-0.113852,-0,0,63588205
1584543107033895,-0.120537,-0,0,63687829
1584543107133756,-0.0549258,-0,0,63787690
1584543107235972,0.034388,-0,0,63889906
1584543107333822,0.0833465,0.0659773,0,63987756
1584543107434260,0.0884303,-0,0,64088194
1584543107533647,0.0862742,-0,0,64187581
1584543107634467,0.153445,0.00900175,0,64288401
1584543107739681,0.131639,0.269911,0,64393615
1584543107834078,0.146518,-0,0,64488012
1584543107934386,0.111871,0.0749791,0,64588320
1584543108033569,0.149421,0.0689779,0,64687503
1584543108133650,0.143889,-0,0,64787584
1584543108235817,0.130584,0.290888,0,64889751
1584543108333490,0.106024,0.290888,0,64987424
1584543108433498,0.138404,0.26691,0,65087432
1584543108533620,0.120627,0.122962,1,65187554
1584543108634049,0.0393564,-0,0,65287983
1584543108735504,0.0161751,-0,0,65389438
1584543108833567,0.0279187,-0,0,65487501
1584543108933317,0.108258,-0,0,65587251
1584543109033290,0.101466,0.194931,0,65687224
1584543109133464,0.114652,0.182938,0,65787398
1584543109239471,0.103185,0.0959743,1,65893405
1584543109333451,0.0929858,0.0779797,1,65987385
1584543109433611,0.0875481,-0,0,66087545
1584543109533290,0.12904,-0,0,66187224
1584543109633993,0.153227,-0,0,66287927
1584543109735638,0.135137,-0,0,66389572
1584543109833155,0.0966731,-0,0,66487089
1584543109933131,0.11112,-0,0,66587065
1584543110033294,0.130365,0.143957,1,66687228
1584543110133121,0.166565,0.290888,0,66787055
1584543110235077,0.165747,0.230921,0,66889011
1584543110333971,0.183086,-0,0,66987905
1584543110433493,0.0692854,-0,0,67087427
1584543110533245,0.0332897,-0,0,67187179
1584543110633966,0.0128752,-0,0,67287900
1584543110735089,0.0816003,0.218927,0,67389023
1584543110833326,0.0828799,0.290888,0,67487260
1584543110933612,0.0677784,-0,0,67587546
1584543111033085,0.071756,-0,0,67687019
1584543111133029,0.011832,-0,0,67786963
1584543111234896,-0.0533886,-0.0359804,0,67888830
1584543111333140,-0.0943755,-0.113951,1,67987074
1584543111433310,-0.0730597,-0,0,68087244
1584543111533348,-0.0572254,-0.0599762,1,68187282
1584543111633937,-0.0839867,-0,0,68287871
1584543111734687,-0.0967176,-0,0,68388621
1584543111833240,-0.0908618,-0,0,68487174
1584543111932863,-0.0652096,-0,0,68586797
1584543112033388,-0.0879411,-0,0,68687322
1584543112133479,-0.0911071,-0,0,68787413
1584543112234552,-0.0909326,-0,0,68888486
1584543112333283,-0.0857712,-0,0,68987217
1584543112433832,-0.0534822,-0,0,69087766
1584543112532780,-0.0169392,-0,0,69186714
1584543112633551,0.0470632,-0,0,69287485
1584543112735073,0.0542534,0.098966,0,69389007
1584543112835703,0.0551459,0.122962,0,69489637
1584543112933287,0.0620582,0.125962,0,69587221
1584543113032844,0.0876398,0.110968,1,69686778
1584543113132643,0.0905632,0.00600117,0,69786577
1584543113234342,0.0850264,-0,0,69888276
1584543113332861,0.0688545,0.200933,0,69986795
1584543113432800,0.093052,0.290888,0,70086734
1584543113532627,0.0993348,-0,0,70186561
1584543113636619,0.126546,-0,0,70290553
1584543113734910,0.134975,0.290888,0,70388844
1584543113832647,0.147872,0.185939,1,70486581
1584543113932867,0.129524,-0,0,70586801
1584543114032731,0.104515,0.185939,0,70686665
1584543114132490,0.132567,0.290888,0,70786424
1584543114235118,0.127329,0.290888,0,70889052
1584543114332387,0.127021,0.290888,0,70986321
1584543114434976,0.0802303,-0,0,71088910
1584543114532727,0.105914,-0.00599229,0,71186661
1584543114633228,0.0518882,-0.164934,0,71287162
1584543114734374,0.00760219,-0.248906,0,71388308
1584543114832475,-0.0701224,-0,0,71486409
1584543114932342,-0.0242762,-0,0,71586276
1584543115032398,0.0193242,0.179937,0,71686332
1584543115132639,0.0612242,0.251916,0,71786573
1584543115234313,0.0619341,-0,0,71888247
1584543115332413,0.0622748,-0,0,71986347
1584543115432322,-0.00539466,-0,0,72086256
1584543115532295,-0.0466107,-0,0,72186229
1584543115633122,-0.0854953,-0.0269875,0,72287056
1584543115734261,-0.10557,-0,0,72388195
1584543115832152,-0.10875,-0,0,72486086
1584543115934631,-0.11362,-0,0,72588565
1584543116032793,-0.0715146,-0.0929649,1,72686727
1584543116131950,-0.0740469,-0,0,72785884
1584543116234042,-0.0729199,-0,0,72887976
1584543116332134,-0.0693869,-0,0,72986068
1584543116431934,-0.101706,-0,0,73085868
1584543116531963,-0.100095,-0,0,73185897
1584543116632755,-0.084563,-0,0,73286689
1584543116734027,-0.0995192,-0,0,73387961
1584543116831932,-0.0966611,-0,0,73485866
1584543116932006,-0.111009,-0,0,73585940
1584543117031830,-0.0786401,-0,0,73685764
1584543117131771,-0.0768283,-0,0,73785705
1584543117234077,0.00861206,-0,0,73888011
1584543117331731,0.0319049,-0,0,73985665
1584543117431733,0.0321048,-0,0,74085667
1584543117532014,-0.0502711,-0,0,74185948
1584543117632598,-0.0770345,-0,0,74286532
1584543117733877,-0.0804395,-0,0,74387811
1584543117831837,-0.0429501,-0,0,74485771
1584543117931767,0.02211,-0,0,74585701
1584543118032026,0.0815273,-0,0,74685960
1584543118132058,0.0787827,-0,0,74785992
1584543118233910,0.0762329,-0,0,74887844
1584543118331632,0.0582903,-0,0,74985566
1584543118431726,0.0601277,0.0599851,1,75085660
1584543118531739,0.0640772,0.176946,0,75185673
1584543118632371,0.0650675,-0,0,75286305
1584543118733913,0.0678644,-0,0,75387847
1584543118831558,0.0953547,-0,0,75485492
1584543118934305,0.0902478,0.0569845,0,75588239
1584543119031999,0.0862744,0.0659773,0,75685933
1584543119131674,0.0593969,0.0659773,1,75785608
1584543119233589,0.0901519,0.083972,1,75887523
1584543119331804,0.113761,0.0869726,0,75985738
1584543119431721,0.136996,0.0869726,0,76085655
1584543119531808,0.120894,0.0899731,0,76185742
1584543119632525,0.158256,0.0899731,0,76286459
1584543119733550,0.160168,0.0869726,0,76387484
1584543119831839,0.16134,0.0869726,0,76485773
1584543119931416,0.124927,0.104967,1,76585350
1584543120031349,0.120473,0.134955,1,76685283
1584543120131383,0.112688,0.134955,1,76785317
1584543120233574,0.0951775,0.125962,1,76887508
1584543120331182,0.0944051,0.125962,0,76985116
1584543120431341,0.0956623,0.125962,1,77085275
1584543120531353,0.0999774,0.125962,1,77185287
1584543120631903,0.0825118,0.125962,0,77285837
1584543120733281,0.0781798,0.125962,0,77387215
1584543120831654,0.0754028,0.0869726,1,77485588
1584543120931072,0.0674421,-0,0,77585006
1584543121031265,0.0619124,-0,0,77685199
1584543121131444,0.0533513,-0,0,77785378
1584543121232770,0.0646975,-0,0,77886704
1584543121331440,0.00838564,-0,0,77985374
1584543121431141,0.00978379,-0,0,78085075
1584543121531015,-0.0125503,-0,0,78184949
1584543121631753,0.0919217,-0,0,78285687
1584543121732954,0.0935212,0.188939,0,78386888
1584543121833780,0.129653,-0,0,78487714
1584543121934198,0.036095,-0,0,78588132
1584543122031770,-0.00332204,-0,0,78685704
1584543122130993,-0.0269682,-0,0,78784927
1584543122233481,0.0168029,-0,0,78887415
1584543122330945,0.0492393,-0,0,78984879
1584543122430904,0.0773686,0.290888,0,79084838
1584543122530686,0.119882,0.290888,0,79184620
1584543122631583,0.146513,-0,0,79285517
1584543122732705,0.117072,-0,0,79386639
1584543122830654,0.0875873,0.290888,0,79484588
1584543122930771,0.0854353,-0,0,79584705
1584543123031515,0.0989194,-0,0,79685449
1584543123130578,0.107005,0.239922,0,79784512
1584543123232711,0.103111,0.290888,0,79886645
1584543123330887,0.108023,0.290888,0,79984821
1584543123433252,0.103104,0.290888,0,80087186
1584543123531231,0.106753,0.0239958,0,80185165
1584543123631670,0.147247,-0,0,80285604
1584543123733304,0.152535,-0,0,80387238
1584543123830629,0.16632,-0,0,80484563
1584543123930439,0.156238,-0,0,80584373
1584543124030383,0.158992,-0,0,80684317
1584543124130557,0.158828,-0,0,80784491
1584543124236753,0.157392,-0,0,80890687
1584543124332982,0.157423,-0,0,80986916
1584543124430495,0.141263,-0,0,81084429
1584543124530309,0.112618,-0,0,81184243
1584543124630995,0.111654,-0,0,81284929
1584543124732415,0.138089,-0,0,81386349
1584543124830252,0.131521,-0,0,81484186
1584543124930222,0.134012,-0,0,81584156
1584543125030802,0.107858,-0,0,81684736
1584543125134335,0.133078,-0,0,81788269
1584543125232241,0.161722,-0,0,81886175
